gene	site	site_short	fold_mean	fold_sd	n_replicates	rnaup_dG_total	rnaup_dG_duplex	rnaup_dGu_target	rnaup_dGu_query	anchor_overlap	status	dG_rank	activity_rank	rnaup_run	fluc_source
LETM1	LETM1-3l-1	3l-1	7.452627531153876	5.8301305067561255	16	-56.92	-78.61	20.12	1.57	1.0	eligible	8	1	20260926T120209Z_3ce6a3cc	20ng/well blocks in retrospective xlsx (fold = fluc/control per replicate, then mean)
LETM1	LETM1-3l-2	3l-2	4.159677732954952	1.5550711401297153	16	-59.86	-80.11	14.03	6.21	1.0	eligible	5	3	20260926T120209Z_3ce6a3cc	20ng/well blocks in retrospective xlsx (fold = fluc/control per replicate, then mean)
LETM1	LETM1-3l-3	3l-3	3.6999669802682718	2.2004960121525894	16	-58.12	-71.72	7.99	5.61	1.0	eligible	7	4	20260926T120209Z_3ce6a3cc	20ng/well blocks in retrospective xlsx (fold = fluc/control per replicate, then mean)
LETM1	LETM1-3l-4	3l-4	6.442522867275774	2.4240741614008035	16	-56.1	-78.02	14.04	7.87	1.0	eligible	9	2	20260926T120209Z_3ce6a3cc	20ng/well blocks in retrospective xlsx (fold = fluc/control per replicate, then mean)
LETM1	LETM1-3l-5	3l-5	3.6006011135316514	1.0453912721569634	16	-59.07	-96.02	23.2	13.75	1.0	eligible	6	5	20260926T120209Z_3ce6a3cc	20ng/well blocks in retrospective xlsx (fold = fluc/control per replicate, then mean)
LETM1	LETM1-3l-6	3l-6	2.538955960841276	1.0595588616887914	16	-60.33	-96.1	25.27	10.5	1.0	eligible	4	6	20260926T120209Z_3ce6a3cc	20ng/well blocks in retrospective xlsx (fold = fluc/control per replicate, then mean)
LETM1	LETM1-3l-7	3l-7	1.9094170893585287	0.8119703343618736	16	-60.53	-93.31	22.81	9.97	1.0	eligible	3	8	20260926T120209Z_3ce6a3cc	20ng/well blocks in retrospective xlsx (fold = fluc/control per replicate, then mean)
LETM1	LETM1-3l-8	3l-8	1.6560123086054237	0.8129868257980818	16	-62.99	-92.11	22.35	6.76	1.0	eligible	1	9	20260926T120209Z_3ce6a3cc	20ng/well blocks in retrospective xlsx (fold = fluc/control per replicate, then mean)
LETM1	LETM1-3l-9	3l-9	1.9320388123450554	0.6726311211735565	16	-61.57	-97.3	28.09	7.64	1.0	eligible	2	7	20260926T120209Z_3ce6a3cc	20ng/well blocks in retrospective xlsx (fold = fluc/control per replicate, then mean)
NSD2	NSD2-3l-3	3l-3	2.5741038369011515	1.1540236677872031	11	-49.04	-58.62	6.65	2.93	1.0	eligible	8	1	20260926T120220Z_fc8c4409	20ng/well blocks in retrospective xlsx (fold = fluc/control per replicate, then mean)
NSD2	NSD2-3l-4	3l-4	0.9202200913046255	0.33955154362331	11	-56.01	-71.01	11.2	3.8	1.0	eligible	6	3	20260926T120220Z_fc8c4409	20ng/well blocks in retrospective xlsx (fold = fluc/control per replicate, then mean)
NSD2	NSD2-3l-8	3l-8	0.5630684061126238	0.26829114941686655	11	-52.77	-65.32	10.85	1.71	1.0	eligible	7	7	20260926T120220Z_fc8c4409	20ng/well blocks in retrospective xlsx (fold = fluc/control per replicate, then mean)
NSD2	NSD2-3l-9	3l-9	0.7818493043119559	0.2757735997569654	11	-61.73	-71.22	8.69	0.8	1.0	eligible	3	5	20260926T120220Z_fc8c4409	20ng/well blocks in retrospective xlsx (fold = fluc/control per replicate, then mean)
NSD2	NSD2-3s-f	3s-f	1.7836608138051013	0.5108474592480079	11	-61.82	-85.81	17.95	6.04	1.0	eligible	2	2	20260926T120220Z_fc8c4409	20ng/well blocks in retrospective xlsx (fold = fluc/control per replicate, then mean)
NSD2	NSD2-3s-g	3s-g	0.9159411247071897	0.2558121596289674	11	-59.29	-91.11	21.35	10.46	1.0	eligible	4	4	20260926T120220Z_fc8c4409	20ng/well blocks in retrospective xlsx (fold = fluc/control per replicate, then mean)
NSD2	NSD2-3s-h	3s-h	0.6496913237564577	0.24449788903882852	11	-62.95	-85.61	16.74	5.91	1.0	eligible	1	6	20260926T120220Z_fc8c4409	20ng/well blocks in retrospective xlsx (fold = fluc/control per replicate, then mean)
NSD2	NSD2-3s-i	3s-i	0.5132284671528116	0.17186792771868922	11	-58.31	-76.11	14.13	3.67	1.0	eligible	5	8	20260926T120220Z_fc8c4409	20ng/well blocks in retrospective xlsx (fold = fluc/control per replicate, then mean)
