gene	site_short	site	date	dose	fluc	control	fold
LETM1	3l-1	LETM1-3l-1	260813	20ng	21878.0	3514.0	6.225953329538987
LETM1	3l-2	LETM1-3l-2	260813	20ng	9486.0	3514.0	2.699487763232783
LETM1	3l-3	LETM1-3l-3	260813	20ng	5322.0	3514.0	1.514513375071144
LETM1	3l-4	LETM1-3l-4	260813	20ng	15315.0	3514.0	4.358281161070006
LETM1	3l-5	LETM1-3l-5	260813	20ng	11606.0	3514.0	3.302788844621514
LETM1	3l-6	LETM1-3l-6	260813	20ng	11737.0	3514.0	3.340068298235629
LETM1	3l-7	LETM1-3l-7	260813	20ng	8861.0	3514.0	2.521627774615822
LETM1	3l-8	LETM1-3l-8	260813	20ng	5829.0	3514.0	1.6587933978372225
LETM1	3l-9	LETM1-3l-9	260813	20ng	6905.0	3514.0	1.964997154240182
LETM1	3l-1	LETM1-3l-1	260813	20ng	12554.0	3743.0	3.3539941223617418
LETM1	3l-2	LETM1-3l-2	260813	20ng	13401.0	3743.0	3.5802831952978895
LETM1	3l-3	LETM1-3l-3	260813	20ng	6535.0	3743.0	1.745925728025648
LETM1	3l-4	LETM1-3l-4	260813	20ng	13853.0	3743.0	3.7010419449639325
LETM1	3l-5	LETM1-3l-5	260813	20ng	14966.0	3743.0	3.998397007747796
LETM1	3l-6	LETM1-3l-6	260813	20ng	9491.0	3743.0	2.5356665776115417
LETM1	3l-7	LETM1-3l-7	260813	20ng	5893.0	3743.0	1.5744055570398077
LETM1	3l-8	LETM1-3l-8	260813	20ng	5134.0	3743.0	1.371627037135987
LETM1	3l-9	LETM1-3l-9	260813	20ng	5870.0	3743.0	1.5682607534063586
LETM1	3l-1	LETM1-3l-1	260813	20ng	10981.0	4849.0	2.2645906372447926
LETM1	3l-2	LETM1-3l-2	260813	20ng	9407.0	4849.0	1.939987626314704
LETM1	3l-3	LETM1-3l-3	260813	20ng	4127.0	4849.0	0.8511033202722211
LETM1	3l-4	LETM1-3l-4	260813	20ng	8321.0	4849.0	1.7160239224582388
LETM1	3l-5	LETM1-3l-5	260813	20ng	11484.0	4849.0	2.3683233656424005
LETM1	3l-6	LETM1-3l-6	260813	20ng	9668.0	4849.0	1.9938131573520312
LETM1	3l-7	LETM1-3l-7	260813	20ng	4662.0	4849.0	0.9614353474943287
LETM1	3l-8	LETM1-3l-8	260813	20ng	5819.0	4849.0	1.200041245617653
LETM1	3l-9	LETM1-3l-9	260813	20ng	3690.0	4849.0	0.7609816457001444
LETM1	3l-1	LETM1-3l-1	260814	20ng	9421.0	3743.0	2.516965001335827
LETM1	3l-2	LETM1-3l-2	260814	20ng	19851.0	3743.0	5.3034998664173125
LETM1	3l-3	LETM1-3l-3	260814	20ng	12943.0	3743.0	3.457921453379642
LETM1	3l-4	LETM1-3l-4	260814	20ng	29107.0	3743.0	7.776382580817526
LETM1	3l-5	LETM1-3l-5	260814	20ng	16683.0	3743.0	4.45711995725354
LETM1	3l-6	LETM1-3l-6	260814	20ng	19933.0	3743.0	5.325407427197435
LETM1	3l-7	LETM1-3l-7	260814	20ng	6195.0	3743.0	1.655089500400748
LETM1	3l-8	LETM1-3l-8	260814	20ng	3851.0	3743.0	1.028853860539674
LETM1	3l-9	LETM1-3l-9	260814	20ng	3416.0	3743.0	0.9126369222548758
LETM1	3l-1	LETM1-3l-1	260814	20ng	34183.0	3421.0	9.992107570885706
LETM1	3l-2	LETM1-3l-2	260814	20ng	21955.0	3421.0	6.417714118678749
LETM1	3l-3	LETM1-3l-3	260814	20ng	5574.0	3421.0	1.6293481438175972
LETM1	3l-4	LETM1-3l-4	260814	20ng	20011.0	3421.0	5.8494592224495765
LETM1	3l-5	LETM1-3l-5	260814	20ng	10150.0	3421.0	2.966968722595732
LETM1	3l-6	LETM1-3l-6	260814	20ng	9763.0	3421.0	2.8538439052908506
LETM1	3l-7	LETM1-3l-7	260814	20ng	4571.0	3421.0	1.3361590178310436
LETM1	3l-8	LETM1-3l-8	260814	20ng	1655.0	3421.0	0.4837766734872844
LETM1	3l-9	LETM1-3l-9	260814	20ng	4817.0	3421.0	1.408067816427945
LETM1	3l-1	LETM1-3l-1	260814	20ng	13992.0	4027.0	3.474546809038987
LETM1	3l-2	LETM1-3l-2	260814	20ng	24139.0	4027.0	5.994288552272163
LETM1	3l-3	LETM1-3l-3	260814	20ng	6394.0	4027.0	1.5877824683387136
LETM1	3l-4	LETM1-3l-4	260814	20ng	16772.0	4027.0	4.164887012664514
LETM1	3l-5	LETM1-3l-5	260814	20ng	6885.0	4027.0	1.7097094611373231
LETM1	3l-6	LETM1-3l-6	260814	20ng	12173.0	4027.0	3.022845790911348
LETM1	3l-7	LETM1-3l-7	260814	20ng	4843.0	4027.0	1.20263223243109
LETM1	3l-8	LETM1-3l-8	260814	20ng	6089.0	4027.0	1.5120437049913087
LETM1	3l-9	LETM1-3l-9	260814	20ng	8722.0	4027.0	2.1658803079215296
LETM1	3l-1	LETM1-3l-1	260815	20ng	33779.0	2225.0	15.181573033707865
LETM1	3l-2	LETM1-3l-2	260815	20ng	8198.0	2225.0	3.684494382022472
LETM1	3l-3	LETM1-3l-3	260815	20ng	11325.0	2225.0	5.089887640449438
LETM1	3l-4	LETM1-3l-4	260815	20ng	22491.0	2225.0	10.108314606741573
LETM1	3l-5	LETM1-3l-5	260815	20ng	12385.0	2225.0	5.5662921348314605
LETM1	3l-6	LETM1-3l-6	260815	20ng	3403.0	2225.0	1.529438202247191
LETM1	3l-7	LETM1-3l-7	260815	20ng	5047.0	2225.0	2.268314606741573
LETM1	3l-8	LETM1-3l-8	260815	20ng	4958.0	2225.0	2.228314606741573
LETM1	3l-9	LETM1-3l-9	260815	20ng	3759.0	2225.0	1.689438202247191
LETM1	3l-1	LETM1-3l-1	260815	20ng	21479.0	2461.0	8.727752945956928
LETM1	3l-2	LETM1-3l-2	260815	20ng	7383.0	2461.0	3.0
LETM1	3l-3	LETM1-3l-3	260815	20ng	11748.0	2461.0	4.773669240146282
LETM1	3l-4	LETM1-3l-4	260815	20ng	24201.0	2461.0	9.833807395367737
LETM1	3l-5	LETM1-3l-5	260815	20ng	11524.0	2461.0	4.682649329540837
LETM1	3l-6	LETM1-3l-6	260815	20ng	4420.0	2461.0	1.7960178789110117
LETM1	3l-7	LETM1-3l-7	260815	20ng	3245.0	2461.0	1.3185696871190573
LETM1	3l-8	LETM1-3l-8	260815	20ng	3162.0	2461.0	1.284843559528647
LETM1	3l-9	LETM1-3l-9	260815	20ng	5473.0	2461.0	2.223892726533929
LETM1	3l-1	LETM1-3l-1	260815	20ng	19199.0	1916.0	10.02035490605428
LETM1	3l-2	LETM1-3l-2	260815	20ng	11189.0	1916.0	5.8397703549060545
LETM1	3l-3	LETM1-3l-3	260815	20ng	13520.0	1916.0	7.056367432150314
LETM1	3l-4	LETM1-3l-4	260815	20ng	12377.0	1916.0	6.459812108559499
LETM1	3l-5	LETM1-3l-5	260815	20ng	9929.0	1916.0	5.182150313152401
LETM1	3l-6	LETM1-3l-6	260815	20ng	5212.0	1916.0	2.720250521920668
LETM1	3l-7	LETM1-3l-7	260815	20ng	3045.0	1916.0	1.5892484342379958
LETM1	3l-8	LETM1-3l-8	260815	20ng	4018.0	1916.0	2.0970772442588728
LETM1	3l-9	LETM1-3l-9	260815	20ng	4248.0	1916.0	2.2171189979123174
LETM1	3l-1	LETM1-3l-1	260815	20ng	30662.0	1369.0	22.39737034331629
LETM1	3l-2	LETM1-3l-2	260815	20ng	7969.0	1369.0	5.821037253469686
LETM1	3l-3	LETM1-3l-3	260815	20ng	7099.0	1369.0	5.185536888239591
LETM1	3l-4	LETM1-3l-4	260815	20ng	12723.0	1369.0	9.2936449963477
LETM1	3l-5	LETM1-3l-5	260815	20ng	5838.0	1369.0	4.264426588750913
LETM1	3l-6	LETM1-3l-6	260815	20ng	5838.0	1369.0	4.264426588750913
LETM1	3l-7	LETM1-3l-7	260815	20ng	5966.0	1369.0	4.357925493060629
LETM1	3l-8	LETM1-3l-8	260815	20ng	5784.0	1369.0	4.224981738495252
LETM1	3l-9	LETM1-3l-9	260815	20ng	4758.0	1369.0	3.475529583637692
LETM1	3l-1	LETM1-3l-1	260815	20ng	25983.0	1735.0	14.975792507204611
LETM1	3l-2	LETM1-3l-2	260815	20ng	9622.0	1735.0	5.545821325648415
LETM1	3l-3	LETM1-3l-3	260815	20ng	15224.0	1735.0	8.774639769452449
LETM1	3l-4	LETM1-3l-4	260815	20ng	15817.0	1735.0	9.1164265129683
LETM1	3l-5	LETM1-3l-5	260815	20ng	4983.0	1735.0	2.8720461095100864
LETM1	3l-6	LETM1-3l-6	260815	20ng	3865.0	1735.0	2.2276657060518734
LETM1	3l-7	LETM1-3l-7	260815	20ng	4733.0	1735.0	2.7279538904899137
LETM1	3l-8	LETM1-3l-8	260815	20ng	2990.0	1735.0	1.723342939481268
LETM1	3l-9	LETM1-3l-9	260815	20ng	3888.0	1735.0	2.240922190201729
LETM1	3l-1	LETM1-3l-1	260817	20ng	5124.0	3317.0	1.5447693699125715
LETM1	3l-2	LETM1-3l-2	260817	20ng	10435.0	3317.0	3.145914983418752
LETM1	3l-3	LETM1-3l-3	260817	20ng	10896.0	3317.0	3.2848959903527284
LETM1	3l-4	LETM1-3l-4	260817	20ng	23199.0	3317.0	6.99397045523063
LETM1	3l-5	LETM1-3l-5	260817	20ng	10378.0	3317.0	3.128730780826048
LETM1	3l-6	LETM1-3l-6	260817	20ng	5601.0	3317.0	1.688574012662044
LETM1	3l-7	LETM1-3l-7	260817	20ng	5235.0	3317.0	1.5782333433825746
LETM1	3l-8	LETM1-3l-8	260817	20ng	6730.0	3317.0	2.0289418148929754
LETM1	3l-9	LETM1-3l-9	260817	20ng	7948.0	3317.0	2.3961410913476033
LETM1	3l-1	LETM1-3l-1	260817	20ng	15939.0	4607.0	3.45973518558715
LETM1	3l-2	LETM1-3l-2	260817	20ng	8882.0	4607.0	1.9279357499457348
LETM1	3l-3	LETM1-3l-3	260817	20ng	11373.0	4607.0	2.4686346863468636
LETM1	3l-4	LETM1-3l-4	260817	20ng	21152.0	4607.0	4.591274148035598
LETM1	3l-5	LETM1-3l-5	260817	20ng	12827.0	4607.0	2.784241371825483
LETM1	3l-6	LETM1-3l-6	260817	20ng	8355.0	4607.0	1.8135446060342957
LETM1	3l-7	LETM1-3l-7	260817	20ng	7386.0	4607.0	1.6032125027132624
LETM1	3l-8	LETM1-3l-8	260817	20ng	4961.0	4607.0	1.076839591925331
LETM1	3l-9	LETM1-3l-9	260817	20ng	6014.0	4607.0	1.3054048187540699
LETM1	3l-1	LETM1-3l-1	260817	20ng	14649.0	3405.0	4.302202643171806
LETM1	3l-2	LETM1-3l-2	260817	20ng	7812.0	3405.0	2.294273127753304
LETM1	3l-3	LETM1-3l-3	260817	20ng	11115.0	3405.0	3.26431718061674
LETM1	3l-4	LETM1-3l-4	260817	20ng	19995.0	3405.0	5.872246696035242
LETM1	3l-5	LETM1-3l-5	260817	20ng	12678.0	3405.0	3.7233480176211455
LETM1	3l-6	LETM1-3l-6	260817	20ng	6137.0	3405.0	1.8023494860499265
LETM1	3l-7	LETM1-3l-7	260817	20ng	6632.0	3405.0	1.9477239353891336
LETM1	3l-8	LETM1-3l-8	260817	20ng	5799.0	3405.0	1.7030837004405286
LETM1	3l-9	LETM1-3l-9	260817	20ng	5919.0	3405.0	1.7383259911894273
LETM1	3l-1	LETM1-3l-1	260817	20ng	14912.0	2452.0	6.081566068515498
LETM1	3l-2	LETM1-3l-2	260817	20ng	11417.0	2452.0	4.656199021207178
LETM1	3l-3	LETM1-3l-3	260817	20ng	13072.0	2452.0	5.33115823817292
LETM1	3l-4	LETM1-3l-4	260817	20ng	18859.0	2452.0	7.691272430668842
LETM1	3l-5	LETM1-3l-5	260817	20ng	9084.0	2452.0	3.7047308319738987
LETM1	3l-6	LETM1-3l-6	260817	20ng	5640.0	2452.0	2.300163132137031
LETM1	3l-7	LETM1-3l-7	260817	20ng	5477.0	2452.0	2.2336867862969005
LETM1	3l-8	LETM1-3l-8	260817	20ng	3487.0	2452.0	1.4221044045676998
LETM1	3l-9	LETM1-3l-9	260817	20ng	6441.0	2452.0	2.6268352365415986
LETM1	3l-1	LETM1-3l-1	260817	20ng	14957.0	3167.0	4.722766024628986
LETM1	3l-2	LETM1-3l-2	260817	20ng	14898.0	3167.0	4.704136406694032
LETM1	3l-3	LETM1-3l-3	260817	20ng	10083.0	3167.0	3.183770129460057
LETM1	3l-4	LETM1-3l-4	260817	20ng	17588.0	3167.0	5.55352068203347
LETM1	3l-5	LETM1-3l-5	260817	20ng	9177.0	3167.0	2.897694979475845
LETM1	3l-6	LETM1-3l-6	260817	20ng	4463.0	3167.0	1.4092200820966214
LETM1	3l-7	LETM1-3l-7	260817	20ng	5303.0	3167.0	1.6744553204925798
LETM1	3l-8	LETM1-3l-8	260817	20ng	4597.0	3167.0	1.4515314177455005
LETM1	3l-9	LETM1-3l-9	260817	20ng	7025.0	3167.0	2.2181875592042943
NSD2	3l-3	NSD2-3l-3	260814	20ng	5747.0	4025.0	1.4278260869565218
NSD2	3l-4	NSD2-3l-4	260814	20ng	3538.0	4025.0	0.8790062111801242
NSD2	3l-8	NSD2-3l-8	260814	20ng	3801.0	4025.0	0.9443478260869566
NSD2	3l-9	NSD2-3l-9	260814	20ng	3178.0	4025.0	0.7895652173913044
NSD2	3s-f	NSD2-3s-f	260814	20ng	6886.0	4025.0	1.710807453416149
NSD2	3s-g	NSD2-3s-g	260814	20ng	4487.0	4025.0	1.1147826086956523
NSD2	3s-h	NSD2-3s-h	260814	20ng	3260.0	4025.0	0.8099378881987578
NSD2	3s-i	NSD2-3s-i	260814	20ng	2294.0	4025.0	0.5699378881987578
NSD2	3l-3	NSD2-3l-3	260814	20ng	11663.0	4825.0	2.4172020725388603
NSD2	3l-4	NSD2-3l-4	260814	20ng	4770.0	4825.0	0.9886010362694301
NSD2	3l-8	NSD2-3l-8	260814	20ng	2257.0	4825.0	0.4677720207253886
NSD2	3l-9	NSD2-3l-9	260814	20ng	2125.0	4825.0	0.44041450777202074
NSD2	3s-f	NSD2-3s-f	260814	20ng	10205.0	4825.0	2.115025906735751
NSD2	3s-g	NSD2-3s-g	260814	20ng	3655.0	4825.0	0.7575129533678756
NSD2	3s-h	NSD2-3s-h	260814	20ng	5563.0	4825.0	1.1529533678756476
NSD2	3s-i	NSD2-3s-i	260814	20ng	3613.0	4825.0	0.7488082901554404
NSD2	3l-3	NSD2-3l-3	260814	20ng	14677.0	6127.0	2.3954627060551656
NSD2	3l-4	NSD2-3l-4	260814	20ng	3158.0	6127.0	0.5154235351721886
NSD2	3l-8	NSD2-3l-8	260814	20ng	1469.0	6127.0	0.2397584462216419
NSD2	3l-9	NSD2-3l-9	260814	20ng	3074.0	6127.0	0.5017137261302432
NSD2	3s-f	NSD2-3s-f	260814	20ng	10425.0	6127.0	1.7014852293128775
NSD2	3s-g	NSD2-3s-g	260814	20ng	7600.0	6127.0	1.2404112942712584
NSD2	3s-h	NSD2-3s-h	260814	20ng	2820.0	6127.0	0.4602578749795985
NSD2	3s-i	NSD2-3s-i	260814	20ng	2876.0	6127.0	0.4693977476742288
NSD2	3l-3	NSD2-3l-3	260814	20ng	15858.0	5011.0	3.164637796846937
NSD2	3l-4	NSD2-3l-4	260814	20ng	5254.0	5011.0	1.0484933147076432
NSD2	3l-8	NSD2-3l-8	260814	20ng	2042.0	5011.0	0.4075034923169028
NSD2	3l-9	NSD2-3l-9	260814	20ng	2828.0	5011.0	0.5643584114947117
NSD2	3s-f	NSD2-3s-f	260814	20ng	12098.0	5011.0	2.4142885651566552
NSD2	3s-g	NSD2-3s-g	260814	20ng	4004.0	5011.0	0.7990421073637997
NSD2	3s-h	NSD2-3s-h	260814	20ng	4978.0	5011.0	0.9934144881261225
NSD2	3s-i	NSD2-3s-i	260814	20ng	2586.0	5011.0	0.5160646577529435
NSD2	3l-3	NSD2-3l-3	260814	20ng	14705.0	4529.0	3.246853610068448
NSD2	3l-4	NSD2-3l-4	260814	20ng	3004.0	4529.0	0.663281077500552
NSD2	3l-8	NSD2-3l-8	260814	20ng	2740.0	4529.0	0.6049900640317951
NSD2	3l-9	NSD2-3l-9	260814	20ng	3286.0	4529.0	0.7255464782512696
NSD2	3s-f	NSD2-3s-f	260814	20ng	7017.0	4529.0	1.5493486420843454
NSD2	3s-g	NSD2-3s-g	260814	20ng	4637.0	4529.0	1.023846323691764
NSD2	3s-h	NSD2-3s-h	260814	20ng	3332.0	4529.0	0.7357032457496137
NSD2	3s-i	NSD2-3s-i	260814	20ng	2642.0	4529.0	0.5833517332744536
NSD2	3l-3	NSD2-3l-3	260815	20ng	8984.0	5069.0	1.7723416847504438
NSD2	3l-4	NSD2-3l-4	260815	20ng	3482.0	5069.0	0.6869204971394752
NSD2	3l-8	NSD2-3l-8	260815	20ng	2062.0	5069.0	0.4067863483921878
NSD2	3l-9	NSD2-3l-9	260815	20ng	5657.0	5069.0	1.1159992108897219
NSD2	3s-f	NSD2-3s-f	260815	20ng	7913.0	5069.0	1.5610574077727362
NSD2	3s-g	NSD2-3s-g	260815	20ng	2686.0	5069.0	0.529887551785362
NSD2	3s-h	NSD2-3s-h	260815	20ng	2634.0	5069.0	0.5196291181692642
NSD2	3s-i	NSD2-3s-i	260815	20ng	2074.0	5069.0	0.40915367922667195
NSD2	3l-3	NSD2-3l-3	260815	20ng	8410.0	5402.0	1.5568308034061458
NSD2	3l-4	NSD2-3l-4	260815	20ng	4665.0	5402.0	0.8635690485005554
NSD2	3l-8	NSD2-3l-8	260815	20ng	2604.0	5402.0	0.4820436875231396
NSD2	3l-9	NSD2-3l-9	260815	20ng	4504.0	5402.0	0.8337652721214365
NSD2	3s-f	NSD2-3s-f	260815	20ng	5556.0	5402.0	1.0285079600148093
NSD2	3s-g	NSD2-3s-g	260815	20ng	3379.0	5402.0	0.6255090707145502
NSD2	3s-h	NSD2-3s-h	260815	20ng	2045.0	5402.0	0.37856349500185116
NSD2	3s-i	NSD2-3s-i	260815	20ng	2240.0	5402.0	0.4146612365790448
NSD2	3l-3	NSD2-3l-3	260815	20ng	9290.0	6206.0	1.4969384466645181
NSD2	3l-4	NSD2-3l-4	260815	20ng	4303.0	6206.0	0.6933612632935868
NSD2	3l-8	NSD2-3l-8	260815	20ng	1899.0	6206.0	0.3059941991621012
NSD2	3l-9	NSD2-3l-9	260815	20ng	2595.0	6206.0	0.4181437318723816
NSD2	3s-f	NSD2-3s-f	260815	20ng	9094.0	6206.0	1.4653561069932324
NSD2	3s-g	NSD2-3s-g	260815	20ng	4328.0	6206.0	0.6973896229455365
NSD2	3s-h	NSD2-3s-h	260815	20ng	3220.0	6206.0	0.5188527231711247
NSD2	3s-i	NSD2-3s-i	260815	20ng	2497.0	6206.0	0.40235256203673864
NSD2	3l-3	NSD2-3l-3	260815	20ng	12938.0	4646.0	2.7847610848041326
NSD2	3l-4	NSD2-3l-4	260815	20ng	4538.0	4646.0	0.9767541971588464
NSD2	3l-8	NSD2-3l-8	260815	20ng	2720.0	4646.0	0.5854498493327593
NSD2	3l-9	NSD2-3l-9	260815	20ng	5234.0	4646.0	1.12656048213517
NSD2	3s-f	NSD2-3s-f	260815	20ng	6914.0	4646.0	1.4881618596642272
NSD2	3s-g	NSD2-3s-g	260815	20ng	4148.0	4646.0	0.8928110202324581
NSD2	3s-h	NSD2-3s-h	260815	20ng	2647.0	4646.0	0.569737408523461
NSD2	3s-i	NSD2-3s-i	260815	20ng	1267.0	4646.0	0.27270770555316404
NSD2	3l-3	NSD2-3l-3	260815	20ng	13567.0	2490.0	5.44859437751004
NSD2	3l-4	NSD2-3l-4	260815	20ng	4492.0	2490.0	1.8040160642570282
NSD2	3l-8	NSD2-3l-8	260815	20ng	2844.0	2490.0	1.1421686746987951
NSD2	3l-9	NSD2-3l-9	260815	20ng	2803.0	2490.0	1.1257028112449798
NSD2	3s-f	NSD2-3s-f	260815	20ng	7191.0	2490.0	2.887951807228916
NSD2	3s-g	NSD2-3s-g	260815	20ng	3226.0	2490.0	1.295582329317269
NSD2	3s-h	NSD2-3s-h	260815	20ng	1307.0	2490.0	0.5248995983935743
NSD2	3s-i	NSD2-3s-i	260815	20ng	2157.0	2490.0	0.8662650602409638
NSD2	3l-3	NSD2-3l-3	260815	20ng	10433.0	4007.0	2.603693536311455
NSD2	3l-4	NSD2-3l-4	260815	20ng	4019.0	4007.0	1.0029947591714499
NSD2	3l-8	NSD2-3l-8	260815	20ng	2432.0	4007.0	0.6069378587471924
NSD2	3l-9	NSD2-3l-9	260815	20ng	3841.0	4007.0	0.9585724981282755
NSD2	3s-f	NSD2-3s-f	260815	20ng	6805.0	4007.0	1.6982780134764164
NSD2	3s-g	NSD2-3s-g	260815	20ng	4402.0	4007.0	1.0985774893935614
NSD2	3s-h	NSD2-3s-h	260815	20ng	1934.0	4007.0	0.48265535313201896
NSD2	3s-i	NSD2-3s-i	260815	20ng	1574.0	4007.0	0.3928125779885201
